ID,campaign_name,password
100000006,ANAP株主優待（テスト用・期間中）,1000006
100000007,ANAP株主優待（テスト用・期間中）,1000007
100000008,ANAP株主優待（テスト用・期間中）,1000008
100000009,ANAP株主優待（テスト用・期間中）,1000009
100000010,ANAP株主優待（テスト用・期間中）,1000010
100000011,ANAP株主優待（テスト用・期間中）,1000011
100000012,ANAP株主優待（テスト用・期間中）,1000012
100000013,ANAP株主優待（テスト用・期間中）,1000013
100000014,ANAP株主優待（テスト用・期間中）,1000014
100000015,ANAP株主優待（テスト用・期間中）,1000015
100000016,ANAP株主優待（テスト用・期間中）,1000016
100000017,ANAP株主優待（テスト用・期間中）,1000017
100000018,ANAP株主優待（テスト用・期間中）,1000018
100000019,ANAP株主優待（テスト用・期間中）,1000019
100000020,ANAP株主優待（テスト用・期間中）,1000020
100000021,ANAP株主優待（テスト用・期間中）,1000021
100000022,ANAP株主優待（テスト用・期間中）,1000022
100000023,ANAP株主優待（テスト用・期間中）,1000023
100000024,ANAP株主優待（テスト用・期間中）,1000024
100000025,ANAP株主優待（テスト用・期間中）,1000025
100000026,ANAP株主優待（テスト用・期間中）,1000026
100000027,ANAP株主優待（テスト用・期間中）,1000027
100000028,ANAP株主優待（テスト用・期間中）,1000028
100000029,ANAP株主優待（テスト用・期間中）,1000029
100000030,ANAP株主優待（テスト用・期間中）,1000030
100000031,ANAP株主優待（テスト用・期間中）,1000031
100000032,ANAP株主優待（テスト用・期間中）,1000032
100000033,ANAP株主優待（テスト用・期間中）,1000033
100000034,ANAP株主優待（テスト用・期間中）,1000034
100000035,ANAP株主優待（テスト用・期間中）,1000035
100000036,ANAP株主優待（テスト用・期間中）,1000036
100000037,ANAP株主優待（テスト用・期間中）,1000037
100000038,ANAP株主優待（テスト用・期間中）,1000038
100000039,ANAP株主優待（テスト用・期間中）,1000039
100000040,ANAP株主優待（テスト用・期間中）,1000040
100000041,ANAP株主優待（テスト用・期間前）,1000041
100000042,ANAP株主優待（テスト用・期間前）,1000042
100000043,ANAP株主優待（テスト用・期間前）,1000043
100000044,ANAP株主優待（テスト用・期間前）,1000044
100000045,ANAP株主優待（テスト用・期間前）,1000045
100000046,ANAP株主優待（テスト用・期間後）,1000046
100000047,ANAP株主優待（テスト用・期間後）,1000047
100000048,ANAP株主優待（テスト用・期間後）,1000048
100000049,ANAP株主優待（テスト用・期間後）,1000049
100000050,ANAP株主優待（テスト用・期間後）,1000050
100000051,ANAP株主優待（テスト用・期間前）,1000051
100000052,ANAP株主優待（テスト用・期間前）,1000052
100000053,ANAP株主優待（テスト用・期間前）,1000053
100000054,ANAP株主優待（テスト用・期間前）,1000054
100000055,ANAP株主優待（テスト用・期間前）,1000055
100000056,ANAP株主優待（テスト用・期間前）,1000056